source,kind,pages,replacements,leaks,output
AUTOP.pdf,digital,10,50,268-22-38-40A;5HABL1424M094818;ACE-0114;ACE-0117;ACE-0123;ACE-0208;ACE-0417;ACE-0618;ACE-0822;ACE01-0324;ACE03-0117;ACE04-0208;ACE31-0713;CC-3R87S-0422;SIGNATURES,E:\SML\SLM Training documents\New Documents Redacted\AEIC\AUTOP_redacted.pdf
ca9dc64d-0a2f-4930-9972-f586e01b4107.pdf,digital,80,342,"'s SUM Limit;Automobile;B. Nonrenewal;IC-NY-I-0001;IC-NY-N-0001;IC-NY-N-0002;IC-NY-N-0003;IC-NY-N-0004;IL-CW-CL-0018;IL-CW-G-0001;IL-CW-N-0001;IL-CW-N-0002;IL-NY-N-0001;IL-NY-N-0002;MS-CW-D-0001;MS-NY-N-0002;MS-NY-N-0004;MS-NY-N-0005;MS-NY-N-0006;MS-NY-N-0007;Main Administrative Office;SM-NY-U-0001;The Company;WC-NY-N-0001;We will settle or defend, as;becomes legally responsible because of an;by us.;has an obligation to pay; or;must coincide.;shown;shown in the Declarations at the;shown in this policy.;with us.",E:\SML\SLM Training documents\New Documents Redacted\American Modern\ca9dc64d-0a2f-4930-9972-f586e01b4107_redacted.pdf
SNOWMOBIL- Motosport- AUTO.pdf,digital,80,342,IC-NY-I-0001;IC-NY-N-0001;IC-NY-N-0002;IC-NY-N-0003;IC-NY-N-0004;IL-CW-CL-0018;IL-CW-G-0001;IL-CW-N-0001;IL-CW-N-0002;IL-NY-N-0001;IL-NY-N-0002;MS-CW-D-0001;MS-NY-N-0002;MS-NY-N-0004;MS-NY-N-0005;MS-NY-N-0006;MS-NY-N-0007;SM-NY-U-0001;WC-NY-N-0001,E:\SML\SLM Training documents\New Documents Redacted\American Modern\SNOWMOBIL- Motosport- AUTO_redacted.pdf
SNOWMOBILE.pdf,digital,76,290,IC-NY-I-0001;IC-NY-N-0001;IC-NY-N-0002;IC-NY-N-0003;IC-NY-N-0004;IL-CW-CL-0018;IL-CW-G-0001;IL-CW-N-0001;IL-CW-N-0002;IL-NY-N-0001;IL-NY-N-0002;MS-CW-D-0001;MS-NY-N-0002;MS-NY-N-0004;MS-NY-N-0005;MS-NY-N-0006;MS-NY-N-0007;SM-NY-U-0001;WC-NY-N-0001,E:\SML\SLM Training documents\New Documents Redacted\American Modern\SNOWMOBILE_redacted.pdf
Commercial.pdf,digital,56,318,"DN990035;PBJG0089NA;PBJG0096NA;PBJG0129NA;PBJG0148;PBJG0227;PBJG0257;PBJG0260;PBJSCH0001;PBJV0055NA;PBJV0056NA;PBJV0090;PL990128;PL990272;PL99G100;PL99G114;PL99G124;PL99V187;THE COMPANY;The Policy Period incepts and expires as of 12:01 A.M. at the;YEARS;by reason of his or her status as an Executive,;losses;representative.;the time that a Claim is first made against an Insured.;to the spouse.",E:\SML\SLM Training documents\New Documents Redacted\AmTrust\Commercial_redacted.pdf
WORK-C.pdf,digital,30,125,Endorsement No.;KWC1323149;Policy No.;Site;WC310305B;WC310308;WC310319M;WC310618A,E:\SML\SLM Training documents\New Documents Redacted\AmTrust\WORK-C_redacted.pdf
WROKC.pdf,digital,31,124,TWC4308391;WC310308;WC310313C;WC310316C;WC310319M;WC310618A,E:\SML\SLM Training documents\New Documents Redacted\AmTrust\WROKC_redacted.pdf
CYBER-1.pdf,digital,104,309,"; and;AB-CYB-001;AB-CYB-004;AB-CYB-111;AB-CYB-117;AB-CYB-121;AB-CYB-122;AB-CYB-124;AB-CYB-141;GLENDALE, CA 91203;Media Wrongful Act.;Network Security Wrongful Act.;Organization.;Period.;iii);of Protected Personal Information.;operations;","E:\SML\SLM Training documents\New Documents Redacted\ARC Excess & Surplus, LLC\CYBER-1_redacted.pdf"
CYBER.pdf,digital,104,309,"AB-CYB-001;AB-CYB-004;AB-CYB-111;AB-CYB-117;AB-CYB-121;AB-CYB-122;AB-CYB-124;AB-CYB-141;GLENDALE, CA 91203","E:\SML\SLM Training documents\New Documents Redacted\ARC Excess & Surplus, LLC\CYBER_redacted.pdf"
EO.pdf,digital,47,256,"01-CONSUMERS;120-COMPANY;1889-DEC-PDEC;1889-FORMS;1889-IAPL-0001;1889-MDO-0002;1889-MDO-0003;1889-POL-FPL;1889-POL-GTC;1889-POL-IAPL;1889-POL-MDO;1889-QTE-PQTE;1889-UN-0005;1889-UN-0006;1889-UN-0014;1889-UN-0018;1889-UN-0019;1889-UN-0021;1889-UN-0024;B1344SPECBA26;BEAT-PHN-CA-0001;BEAT-PHN-SL-CA-;Entity, the requestor or any other third party.;Entity;;Fund;;LMA9191A;PHN-SL-CA-0001","E:\SML\SLM Training documents\New Documents Redacted\ARC Excess & Surplus, LLC\EO_redacted.pdf"
EPLI.pdf,digital,43,158,"; or;CNA102958CA;CNA74300XX;CNA81753XX;CNA81758XX;CNA88734XX;CNA88735XX;CNA88736XX;CNA88737XX;CNA88758XX;CNA88759XX;CNA88800XX;CNA88845XX;CNA88892CA;CNA88899XX;CNA91212XX;CNA92639XX;CNA94557XX;CNA96043XX;Entity Securities Liability;Entity, or;Entity.;Person.;Person;;Services.;consent not to be unreasonably withheld.;during the Policy Period.;payment of additional premium.;possession under United States bankruptcy law.;the Named Insured; or","E:\SML\SLM Training documents\New Documents Redacted\ARC Excess & Surplus, LLC\EPLI_redacted.pdf"
CYBER- 2.pdf,digital,104,286,"AB-CYB-001;AB-CYB-004;AB-CYB-084;AB-CYB-085;AB-CYB-111;AB-CYB-117;AB-CYB-121;AB-CYB-122;AB-CYB-124;AB-CYB-PWE-001;GLENDALE, CA 91203",E:\SML\SLM Training documents\New Documents Redacted\AtBay\CYBER- 2_redacted.pdf
CYBER- 3.pdf,digital,104,286,"AB-CYB-001;AB-CYB-004;AB-CYB-084;AB-CYB-085;AB-CYB-111;AB-CYB-117;AB-CYB-121;AB-CYB-122;AB-CYB-124;AB-CYB-PWE-001;GLENDALE, CA 91203",E:\SML\SLM Training documents\New Documents Redacted\AtBay\CYBER- 3_redacted.pdf
CYBER-1.pdf,digital,104,286,"AB-CYB-001;AB-CYB-004;AB-CYB-084;AB-CYB-085;AB-CYB-111;AB-CYB-117;AB-CYB-121;AB-CYB-122;AB-CYB-124;AB-CYB-PWE-001;GLENDALE, CA 91203",E:\SML\SLM Training documents\New Documents Redacted\AtBay\CYBER-1_redacted.pdf
CYBER.pdf,digital,95,334,"AB-CYB-001;AB-CYB-002;AB-CYB-004;AB-CYB-050;AB-CYB-066;AB-CYB-111;GLENDALE, CA 91203;Organization;the Policy Period.",E:\SML\SLM Training documents\New Documents Redacted\AtBay\CYBER_redacted.pdf
PL-53050.pdf,digital,17,33,,E:\SML\SLM Training documents\New Documents Redacted\BENCHMARK\PL-53050_redacted.pdf
PL.pdf,digital,17,33,,E:\SML\SLM Training documents\New Documents Redacted\BENCHMARK\PL_redacted.pdf
WCP.pdf,digital,41,197,1-888-NEW-CLMS;888-NEW-CLMS;BHGIC-672-02-20;CFES052821;CLRP052721;LCOS070522;SSPSC052721;WC310308;WC310319L;WC310618A;XX-XXX0463,E:\SML\SLM Training documents\New Documents Redacted\BHGIC\WCP_redacted.pdf
AUTO.pdf,digital,10,50,268-22-38-40A;5HABL1424M094818;ACE-0114;ACE-0117;ACE-0123;ACE-0208;ACE-0417;ACE-0618;ACE-0822;ACE01-0324;ACE03-0117;ACE04-0208;ACE31-0713;CC-3R87S-0422,E:\SML\SLM Training documents\New Documents Redacted\CHUBB\AUTO_redacted.pdf
FARM.pdf,digital,48,84,,E:\SML\SLM Training documents\New Documents Redacted\CHUBB\FARM_redacted.pdf
GL.pdf,digital,42,161,Procedure;Q0700000;Q0802000;Q0903000;Q6496029;Q6499805;Q6600010;Q6600020;Q9200000;Q9300000;law.;of Insured;of insured,E:\SML\SLM Training documents\New Documents Redacted\CHUBB\GL_redacted.pdf
HOME.pdf,digital,85,228,Contents;Dwelling;HOUSE AT;Q0700000;Q0802000;Q0903000;Q4700029;Q6429005;Q6478929;Q6499805;Q6600001;Q6600010;Q6600020;Q6629126;Q9200000;Q9300000;deductible,E:\SML\SLM Training documents\New Documents Redacted\CHUBB\HOME_redacted.pdf
CUMBR.pdf,digital,12,45,CNA80333XX;CNA81753XX;CNA81758XX;CNA86483XX;DDP0000004-00;GSL-7194-XX;GSL21992XX;GSL22744XX;GSL7194XX;Limits;by or assumed by the Insurer.;the Secretary of the Treasury.,E:\SML\SLM Training documents\New Documents Redacted\CNA\CUMBR_redacted.pdf
1978-CYBER.pdf,digital,66,349,CYBER-2023;CYUSP-00DC-1022-01;CYUSP-00DC-1022-02;Extended Reporting Period.;Funds transfer liability;OF TERRORISM;Quota Share;exhausted.;or subsidiary.;or subsidiary;,E:\SML\SLM Training documents\New Documents Redacted\Coalition\1978-CYBER_redacted.pdf
253152-CYBER.pdf,digital,80,322,"CCP1098451-00;President;TERRORISM;WHEN THERE IS A CLAIM OR;procedures established by the Secretary of the Treasury.;requests for information, and execute all papers and render all assistance as;you will cooperate with us in all investigations, respond to reasonable",E:\SML\SLM Training documents\New Documents Redacted\Coalition\253152-CYBER_redacted.pdf
28ce9ce5-7504-4f34-b37c-f13b8fe58cee.pdf,digital,60,241,CYUSP-50DC-0125-01;Certified Acts of Terrorism;ERUSP-00PF-0923-C1;Funds Transfer Liability;Organization;;Organization; or;Privacy Policy;SLN0001CA;Section II. Definitions,E:\SML\SLM Training documents\New Documents Redacted\Coalition\28ce9ce5-7504-4f34-b37c-f13b8fe58cee_redacted.pdf
51984-CYBER.pdf,digital,66,349,CYBER-2023;CYUSP-00DC-1022-01;CYUSP-00DC-1022-02,E:\SML\SLM Training documents\New Documents Redacted\Coalition\51984-CYBER_redacted.pdf
76b34149-1ca9-42ba-b4f6-87b818df45f2.pdf,digital,80,322,CCP1098451-00,E:\SML\SLM Training documents\New Documents Redacted\Coalition\76b34149-1ca9-42ba-b4f6-87b818df45f2_redacted.pdf
CYBER -2.pdf,digital,71,177,CCP1053538-01,E:\SML\SLM Training documents\New Documents Redacted\Coalition\CYBER -2_redacted.pdf
CYBER-1.pdf,digital,66,349,CYBER-2023;CYUSP-00DC-1022-01;CYUSP-00DC-1022-02,E:\SML\SLM Training documents\New Documents Redacted\Coalition\CYBER-1_redacted.pdf
CYBER.pdf,digital,80,322,CCP1098451-00,E:\SML\SLM Training documents\New Documents Redacted\Coalition\CYBER_redacted.pdf
2937-00-CGL.pdf,digital,99,381,", if the ""occurrence"" which caused;B. With respect to the insurance afforded to these;CBB-;COMPANY;PREMISE;This exclusion does not apply;allege;allege negligence or;allege negligence or other wrongdoing;any premium;cancels, the refund may be;contractor;described;exercises;in connection with such;mechanical or electrical machinery and;on a replacement cost;or others test for, monitor,;or others to test for,;pressure,;shown in the Declarations;under Section I –;where;whose;will not be broader than;with respect to",E:\SML\SLM Training documents\New Documents Redacted\Coterie\2937-00-CGL_redacted.pdf
62938-00- BOP.pdf,digital,146,449,"CSB-;If you die, your rights and duties will be;Notice;at least 60 days;known",E:\SML\SLM Training documents\New Documents Redacted\Coterie\62938-00- BOP_redacted.pdf
62938-00- CGL.pdf,digital,146,449,,E:\SML\SLM Training documents\New Documents Redacted\Coterie\62938-00- CGL_redacted.pdf
BOP - 8950.pdf,digital,111,497,", injured person or any other;CSG-;against,;an incomplete or late conditional;or others to test for, monitor,;will;will not be;written;written notice of cancellation at",E:\SML\SLM Training documents\New Documents Redacted\Coterie\BOP - 8950_redacted.pdf
BOP - 9693.pdf,digital,114,491,,E:\SML\SLM Training documents\New Documents Redacted\Coterie\BOP - 9693_redacted.pdf
BOP.pdf,digital,114,491,,E:\SML\SLM Training documents\New Documents Redacted\Coterie\BOP_redacted.pdf
PL-9694.pdf,digital,32,121,,E:\SML\SLM Training documents\New Documents Redacted\Coterie\PL-9694_redacted.pdf
PL.pdf,digital,32,121,,E:\SML\SLM Training documents\New Documents Redacted\Coterie\PL_redacted.pdf
1-CFLP.pdf,digital,6,45,DMIC-DISC-2;Liability Schedule,E:\SML\SLM Training documents\New Documents Redacted\DMIC\1-CFLP_redacted.pdf
1R-CFLP.pdf,digital,14,72,TERR-DISC,E:\SML\SLM Training documents\New Documents Redacted\DMIC\1R-CFLP_redacted.pdf
2-CFLP.pdf,digital,6,47,,E:\SML\SLM Training documents\New Documents Redacted\DMIC\2-CFLP_redacted.pdf
CCPP.pdf,digital,6,38,DMIC-513;DMIC-SF-511A;Information;Liability Coverage Section;Property Coverage Section,E:\SML\SLM Training documents\New Documents Redacted\DMIC\CCPP_redacted.pdf
CFLP.pdf,digital,6,45,DMIC-DISC-2,E:\SML\SLM Training documents\New Documents Redacted\DMIC\CFLP_redacted.pdf
CGL.pdf,digital,8,53,DMIC-513;DMIC-SF-511A,E:\SML\SLM Training documents\New Documents Redacted\DMIC\CGL_redacted.pdf
DFIRE-SLP.pdf,digital,7,68,DFL-153P;FL-3;New York State Fire Surcharge,E:\SML\SLM Training documents\New Documents Redacted\DMIC\DFIRE-SLP_redacted.pdf
Property.pdf,digital,6,38,DMIC-513;DMIC-SF-511A,E:\SML\SLM Training documents\New Documents Redacted\DMIC\Property_redacted.pdf
R-CFLP.pdf,digital,14,72,,E:\SML\SLM Training documents\New Documents Redacted\DMIC\R-CFLP_redacted.pdf
AUTO.pdf,digital,114,405,2CE-827-1;800-922-FRAUD;9797 SPRINGBORO PIKE;EXCLUSIONS;Foremost;M155310805;M177310704;M180310300;M186310910;REQUIREMENTS2;Vehicle Identification Number;and Address;below.;insurance policy.;liable for the bodily injury sustained by the insured.;of the property,E:\SML\SLM Training documents\New Documents Redacted\FOREMOST\AUTO_redacted.pdf
FLOOD -2.pdf,digital,1,14,,E:\SML\SLM Training documents\New Documents Redacted\FOREMOST\FLOOD -2_redacted.pdf
FLOOD -3.pdf,digital,1,13,,E:\SML\SLM Training documents\New Documents Redacted\FOREMOST\FLOOD -3_redacted.pdf
FLOOD- 1.pdf,digital,1,14,,E:\SML\SLM Training documents\New Documents Redacted\FOREMOST\FLOOD- 1_redacted.pdf
FLOOD.pdf,digital,1,14,,E:\SML\SLM Training documents\New Documents Redacted\FOREMOST\FLOOD_redacted.pdf
RV.pdf,digital,30,86,BEING;CARD;County;INFORMATION;ONLY;Owner's;PP0409-07;PP0587-07;PP0588-07;PP1383-01;Purchase;Signature;Street;VEHICLE;YOUR;Year;above;call;issued;must;purchased;under;would,E:\SML\SLM Training documents\New Documents Redacted\FOREMOST\RV_redacted.pdf
EVENT.pdf,digital,7,13,,E:\SML\SLM Training documents\New Documents Redacted\GAIG\EVENT_redacted.pdf
PPKGE.pdf,digital,7,13,,E:\SML\SLM Training documents\New Documents Redacted\GAIG\PPKGE_redacted.pdf
TRAINE.pdf,digital,6,13,,E:\SML\SLM Training documents\New Documents Redacted\GAIG\TRAINE_redacted.pdf
8b4e9152-f104-4972-986f-e48ca641ece0.pdf,digital,105,449,'s behalf are performing;THIS ENDORSEMENT CHANGES THE POLICY. PLEASE READ IT CAREFULLY.;means of communication;or Subsidiary.;or any;or by any other person or;or others for the;this Policy.,E:\SML\SLM Training documents\New Documents Redacted\Gemini\8b4e9152-f104-4972-986f-e48ca641ece0_redacted.pdf
CGL.pdf,digital,105,449,,E:\SML\SLM Training documents\New Documents Redacted\Gemini\CGL_redacted.pdf
AUTO.pdf,digital,98,427,"'s legal representative.;, but only while acting within;is legally entitled to recover;means;motor vehicle; or;or the insured's legal;or the insured's legal representative;shall;such;under the SUM coverage.",E:\SML\SLM Training documents\New Documents Redacted\Glatfelter\AUTO_redacted.pdf
CPKGE- 1.pdf,digital,235,571,"""controlling underlying insurance"";;ACBW5436G102;Coverages;Damages under COVERAGE C;;Occupancy;TRNY1000;The due date for audit;To any insured.;Transfer of Rights of Recovery Against Others To Us;VLNNY002;against any suit seeking damages for;and the claimant or the claimant's legal representative.;because of ‘‘injury or;becomes legally obligated to pay;cancel.;claimant,;coverage provided by this;delivering to us advance written notice of cancellation.;in the same ""insured contract"";;inaccurate information.;is not a Public Entity.;must notify us in;or the injured;period;;shown in the Declarations.;submits with our consent.;to us advance written notice of cancellation.",E:\SML\SLM Training documents\New Documents Redacted\Glatfelter\CPKGE- 1_redacted.pdf
CPKGE.pdf,scanned,22,142,ACBW5436G102;CXEG0287;CXEG0297;CXEG0329;CXENY1101;CXENY1144;INLET;RIVERCRAFT120HP;TRNY1000,E:\SML\SLM Training documents\New Documents Redacted\Glatfelter\CPKGE_redacted.pdf
GPMED -1.pdf,digital,48,151,AGLC100605-NTC;AGLC105774-GB-STF;Disability.;Injury or Illness.;OTHER COVERAGE WITH US;Person and;To Determine the Benefit Payable;V50004NUFIC-NY;be paid.;in a Covered Activity.;of the Policyholder.,E:\SML\SLM Training documents\New Documents Redacted\Glatfelter\GPMED -1_redacted.pdf
GPMED -2.pdf,digital,46,160,AGLC100605-NTC;Person in excess of benefits paid or payable under any;V50004NUFIC-NY,E:\SML\SLM Training documents\New Documents Redacted\Glatfelter\GPMED -2_redacted.pdf
GPMED.pdf,scanned,8,15,V50000NUF1C-NY,E:\SML\SLM Training documents\New Documents Redacted\Glatfelter\GPMED_redacted.pdf
1-AUTO.pdf,digital,3,21,,E:\SML\SLM Training documents\New Documents Redacted\HAGERTY\1-AUTO_redacted.pdf
AUTO.pdf,digital,3,21,,E:\SML\SLM Training documents\New Documents Redacted\HAGERTY\AUTO_redacted.pdf
AUTO.pdf,scanned,3,35,39NFMP10;Q19284935,E:\SML\SLM Training documents\New Documents Redacted\Hagerty Insurance\AUTO_redacted.pdf
AUTOP-2.pdf,digital,3,21,,E:\SML\SLM Training documents\New Documents Redacted\Hagerty Insurance\AUTOP-2_redacted.pdf
AUTOP-3.pdf,digital,2,18,BP29D62683576,E:\SML\SLM Training documents\New Documents Redacted\Hagerty Insurance\AUTOP-3_redacted.pdf
AUTOP-4.pdf,digital,4,24,0C653F112005;10122P29657,E:\SML\SLM Training documents\New Documents Redacted\Hagerty Insurance\AUTOP-4_redacted.pdf
AUTOP.pdf,digital,2,18,,E:\SML\SLM Training documents\New Documents Redacted\Hagerty Insurance\AUTOP_redacted.pdf
PD.pdf,digital,68,210,Company.;Executive; or;HFP-HEIC-PDDEC-001;HFP-HSIC-PDDO-001;HFP-HSIC-PDGTC-001;HFP-PDAPP-002;Person;Person or the Company.;Person; or,E:\SML\SLM Training documents\New Documents Redacted\HIG\PD_redacted.pdf
37628cab-c5f9-4cec-9382-673dbc3b6c8a.pdf,digital,68,210,HFP-HEIC-PDDEC-001;HFP-HSIC-PDDO-001;HFP-HSIC-PDGTC-001;HFP-PDAPP-002,E:\SML\SLM Training documents\New Documents Redacted\Hudson IG\37628cab-c5f9-4cec-9382-673dbc3b6c8a_redacted.pdf
FLOOD.pdf,scanned,1,10,,E:\SML\SLM Training documents\New Documents Redacted\IAT\FLOOD_redacted.pdf
1- DFIRE.pdf,digital,2,15,,E:\SML\SLM Training documents\New Documents Redacted\Leatherstocking\1- DFIRE_redacted.pdf
1-CFL.pdf,digital,4,20,SF-7-DISC,E:\SML\SLM Training documents\New Documents Redacted\Leatherstocking\1-CFL_redacted.pdf
1-PROP.pdf,digital,4,19,,E:\SML\SLM Training documents\New Documents Redacted\Leatherstocking\1-PROP_redacted.pdf
2-CFL.pdf,digital,4,20,,E:\SML\SLM Training documents\New Documents Redacted\Leatherstocking\2-CFL_redacted.pdf
2-DFIRE.pdf,digital,2,15,,E:\SML\SLM Training documents\New Documents Redacted\Leatherstocking\2-DFIRE_redacted.pdf
2-PROP.pdf,digital,4,19,,E:\SML\SLM Training documents\New Documents Redacted\Leatherstocking\2-PROP_redacted.pdf
3-CFL.pdf,digital,4,18,,E:\SML\SLM Training documents\New Documents Redacted\Leatherstocking\3-CFL_redacted.pdf
3-DFIRE.pdf,digital,2,15,,E:\SML\SLM Training documents\New Documents Redacted\Leatherstocking\3-DFIRE_redacted.pdf
3-PROP.pdf,digital,4,19,,E:\SML\SLM Training documents\New Documents Redacted\Leatherstocking\3-PROP_redacted.pdf
4-DFIRE.pdf,digital,4,16,,E:\SML\SLM Training documents\New Documents Redacted\Leatherstocking\4-DFIRE_redacted.pdf
5- DFIRE.pdf,digital,2,14,,E:\SML\SLM Training documents\New Documents Redacted\Leatherstocking\5- DFIRE_redacted.pdf
6- DFIRE.pdf,digital,4,16,,E:\SML\SLM Training documents\New Documents Redacted\Leatherstocking\6- DFIRE_redacted.pdf
BOP -2.pdf,digital,4,23,,E:\SML\SLM Training documents\New Documents Redacted\Leatherstocking\BOP -2_redacted.pdf
BOP- 1.pdf,digital,4,21,,E:\SML\SLM Training documents\New Documents Redacted\Leatherstocking\BOP- 1_redacted.pdf
BOPPR.pdf,digital,4,23,,E:\SML\SLM Training documents\New Documents Redacted\Leatherstocking\BOPPR_redacted.pdf
CFL -1.pdf,digital,4,21,Peter Oliver;SF-7-DISC,E:\SML\SLM Training documents\New Documents Redacted\Leatherstocking\CFL -1_redacted.pdf
CFL.pdf,digital,4,21,SF-7-DISC,E:\SML\SLM Training documents\New Documents Redacted\Leatherstocking\CFL_redacted.pdf
DFIRE.pdf,digital,2,17,,E:\SML\SLM Training documents\New Documents Redacted\Leatherstocking\DFIRE_redacted.pdf
LLP -1.pdf,digital,2,18,,E:\SML\SLM Training documents\New Documents Redacted\Leatherstocking\LLP -1_redacted.pdf
LLP.pdf,digital,2,19,,E:\SML\SLM Training documents\New Documents Redacted\Leatherstocking\LLP_redacted.pdf
PROP.pdf,digital,4,17,,E:\SML\SLM Training documents\New Documents Redacted\Leatherstocking\PROP_redacted.pdf
R-DFIRE.pdf,digital,2,17,,E:\SML\SLM Training documents\New Documents Redacted\Leatherstocking\R-DFIRE_redacted.pdf
SH.pdf,digital,4,20,SF-7-DISC,E:\SML\SLM Training documents\New Documents Redacted\Leatherstocking\SH_redacted.pdf
BOPPR- 1.pdf,digital,6,36,,E:\SML\SLM Training documents\New Documents Redacted\Madison Mutual\BOPPR- 1_redacted.pdf
BOPPR.pdf,digital,6,39,,E:\SML\SLM Training documents\New Documents Redacted\Madison Mutual\BOPPR_redacted.pdf
HOME-1.pdf,digital,4,42,Seasonal Rentals Surcharge,E:\SML\SLM Training documents\New Documents Redacted\Madison Mutual\HOME-1_redacted.pdf
HOME-10.pdf,digital,4,21,,E:\SML\SLM Training documents\New Documents Redacted\Madison Mutual\HOME-10_redacted.pdf
HOME-11.pdf,digital,4,23,,E:\SML\SLM Training documents\New Documents Redacted\Madison Mutual\HOME-11_redacted.pdf
HOME-12.pdf,digital,4,19,,E:\SML\SLM Training documents\New Documents Redacted\Madison Mutual\HOME-12_redacted.pdf
HOME-13.pdf,digital,4,21,,E:\SML\SLM Training documents\New Documents Redacted\Madison Mutual\HOME-13_redacted.pdf
HOME-14.pdf,digital,4,24,,E:\SML\SLM Training documents\New Documents Redacted\Madison Mutual\HOME-14_redacted.pdf
HOME-15.pdf,digital,4,23,,E:\SML\SLM Training documents\New Documents Redacted\Madison Mutual\HOME-15_redacted.pdf
HOME-16.pdf,digital,4,19,,E:\SML\SLM Training documents\New Documents Redacted\Madison Mutual\HOME-16_redacted.pdf
HOME-17.pdf,digital,4,24,,E:\SML\SLM Training documents\New Documents Redacted\Madison Mutual\HOME-17_redacted.pdf
HOME-18.pdf,digital,4,21,,E:\SML\SLM Training documents\New Documents Redacted\Madison Mutual\HOME-18_redacted.pdf
HOME-2.pdf,digital,4,41,,E:\SML\SLM Training documents\New Documents Redacted\Madison Mutual\HOME-2_redacted.pdf
HOME-3.pdf,digital,4,34,,E:\SML\SLM Training documents\New Documents Redacted\Madison Mutual\HOME-3_redacted.pdf
HOME-4.pdf,digital,4,36,,E:\SML\SLM Training documents\New Documents Redacted\Madison Mutual\HOME-4_redacted.pdf
HOME-5.pdf,digital,4,35,,E:\SML\SLM Training documents\New Documents Redacted\Madison Mutual\HOME-5_redacted.pdf
HOME-6.pdf,digital,4,24,,E:\SML\SLM Training documents\New Documents Redacted\Madison Mutual\HOME-6_redacted.pdf
HOME-7.pdf,digital,4,35,,E:\SML\SLM Training documents\New Documents Redacted\Madison Mutual\HOME-7_redacted.pdf
HOME-8.pdf,digital,4,24,,E:\SML\SLM Training documents\New Documents Redacted\Madison Mutual\HOME-8_redacted.pdf
HOME-9.pdf,digital,4,17,,E:\SML\SLM Training documents\New Documents Redacted\Madison Mutual\HOME-9_redacted.pdf
HOME.pdf,digital,4,21,,E:\SML\SLM Training documents\New Documents Redacted\Madison Mutual\HOME_redacted.pdf
HOME.pdf,scanned,69,100,HO04980511;HOP0040511;ILN1600908;MSIES00131221;MSIES00150921;MSIES00441022;MSIES00451022;MSIES00461022;MSIES00471022;MSIES00560123;MSIES03630921;MSIESDECNY1021;P0010104,E:\SML\SLM Training documents\New Documents Redacted\MILLENNIAL\HOME_redacted.pdf
HOMEOWNER.pdf,scanned,69,100,HO04980511;HOP0040511;ILN1600908;MSIES00131221;MSIES00150921;MSIES00441022;MSIES00451022;MSIES00461022;MSIES00471022;MSIES00560123;MSIES03630921;MSIESDECNY1021;P0010104,E:\SML\SLM Training documents\New Documents Redacted\MILLENNIAL\HOMEOWNER_redacted.pdf
AUTO-1.pdf,digital,90,345,,E:\SML\SLM Training documents\New Documents Redacted\MMIG\AUTO-1_redacted.pdf
AUTO.pdf,digital,94,89,4YUUF1225W0007,E:\SML\SLM Training documents\New Documents Redacted\MMIG\AUTO_redacted.pdf
CL.pdf,scanned,10,43,4YUUF1225W0007,E:\SML\SLM Training documents\New Documents Redacted\MMIG\CL_redacted.pdf
Property.pdf,digital,200,445,"DEDUCTIBLE;However,;and caused by smoke, fumes, vapor;arising out of all;computer system.;computer system;;in the Declarations.;involved.;or any contractors or;or others for the handling,;possible.",E:\SML\SLM Training documents\New Documents Redacted\MMIG\Property_redacted.pdf
CPKGE.pdf,digital,4,27,,E:\SML\SLM Training documents\New Documents Redacted\NCIC\CPKGE_redacted.pdf
AUTO -1.pdf,scanned,4,27,18NMSP62;52NMMP22;53NMMP20;FORVEHICLE3;Q20727114;XXXXX0254;XXXXX3707;XXXXX4333;XXXXX7609;XXXXX9626,E:\SML\SLM Training documents\New Documents Redacted\NYC\AUTO -1_redacted.pdf
AUTO -2.pdf,digital,4,26,41NFMP20;41NMMP20;Q32735020;XXXXX3115;XXXXX3408;XXXXX8509,E:\SML\SLM Training documents\New Documents Redacted\NYC\AUTO -2_redacted.pdf
AUTO -3.pdf,digital,3,23,38NFMP20;38NMMP20;Q22678902;XXXXX3115;XXXXX3408;XXXXX8509,E:\SML\SLM Training documents\New Documents Redacted\NYC\AUTO -3_redacted.pdf
AUTO.pdf,digital,12,90,18NMSP62;52NMMP22;53NMMP20;Form Summary;NYCPP0001;NYCPP258;NYCPP263,E:\SML\SLM Training documents\New Documents Redacted\NYC\AUTO_redacted.pdf
LIFE.pdf,digital,3,3,,E:\SML\SLM Training documents\New Documents Redacted\NYC\LIFE_redacted.pdf
WORK.pdf,digital,31,169,000793618R;APPEALV1;CEPL2V29;DTE00V10;E10002132129;NIF3SWV39;NIF512V2;SEPL1V31,E:\SML\SLM Training documents\New Documents Redacted\NYSIF\WORK_redacted.pdf
WORKS.pdf,digital,31,164,000047548R;APPEALV1;CEPL2V28;DTE00V10;E10001990960;NIF3SWV39;NIF512V2;SEPL1V30,E:\SML\SLM Training documents\New Documents Redacted\NYSIF\WORKS_redacted.pdf
DO.pdf,digital,81,132,BJP-190-1;BROADENED;OTHER INSURANCE;PHSD1889923-000;PI-BELL-1;PI-CME-1;PI-NPD-1;PI-NPD-133;PI-NPD-137;PI-NPD-170;PI-NPD-2;PI-NPD-25;PI-NPD-27;PI-NPD-52;PI-NPD-82;PI-PL-NY-4;PI-SLD-001;PI-TER-DN1;committed such act or omission;;www.,E:\SML\SLM Training documents\New Documents Redacted\Philandelphia\DO_redacted.pdf
PAUTO.pdf,digital,8,23,Vehicle;policy information.,E:\SML\SLM Training documents\New Documents Redacted\Plymouth Rock\PAUTO_redacted.pdf
PER-P.pdf,scanned,4,18,PRA51701;PRHEOI11,E:\SML\SLM Training documents\New Documents Redacted\Plymouth Rock\PER-P_redacted.pdf
PUMBER.pdf,digital,2,14,,E:\SML\SLM Training documents\New Documents Redacted\Plymouth Rock\PUMBER_redacted.pdf
AUTO-9797.pdf,digital,72,411,", during;0310A9700;CANYIDCRD1;ITEM FOUR;ITEM TWO;NYCADS03;PMCA9505;QPCA106964;any premium refund due.;under this Coverage Part",E:\SML\SLM Training documents\New Documents Redacted\Preferred Mutual\AUTO-9797_redacted.pdf
AUTO.pdf,digital,80,451,CANYIDCRD1;NYCADS03,E:\SML\SLM Training documents\New Documents Redacted\Preferred Mutual\AUTO_redacted.pdf
C-AUTO.pdf,digital,77,435,0310A9700;CANYIDCRD1;DT712-10-DP;NYCADS03;PMCA9505;QPCA106241,E:\SML\SLM Training documents\New Documents Redacted\Preferred Mutual\C-AUTO_redacted.pdf
1-CAUTO.pdf,digital,5,31,information,E:\SML\SLM Training documents\New Documents Redacted\Progrrssive\1-CAUTO_redacted.pdf
2-CAUTO.pdf,digital,5,31,,E:\SML\SLM Training documents\New Documents Redacted\Progrrssive\2-CAUTO_redacted.pdf
AUTO.pdf,digital,4,25,,E:\SML\SLM Training documents\New Documents Redacted\Progrrssive\AUTO_redacted.pdf
CAUTO.pdf,digital,3,18,,E:\SML\SLM Training documents\New Documents Redacted\Progrrssive\CAUTO_redacted.pdf
MCI -1.pdf,scanned,2,9,,E:\SML\SLM Training documents\New Documents Redacted\Progrrssive\MCI -1_redacted.pdf
MCI.pdf,digital,5,26,,E:\SML\SLM Training documents\New Documents Redacted\Progrrssive\MCI_redacted.pdf
PUMBER- MC-AUTO.pdf,digital,2,8,,E:\SML\SLM Training documents\New Documents Redacted\Progrrssive\PUMBER- MC-AUTO_redacted.pdf
LIFE.pdf,digital,3,6,Contract Date;PLTIC-2019;TS10NY25,E:\SML\SLM Training documents\New Documents Redacted\Prudential\LIFE_redacted.pdf
1-CGL.pdf,digital,78,95,Forms;LS-141A-DISC;SMIC-SF-525;SMIC-SF-530;as of the inception date of the renewal.;means the person or entity named in the Declarations.;only with respect to property covered by this insurance.;under this policy;,E:\SML\SLM Training documents\New Documents Redacted\SMIC\1-CGL_redacted.pdf
BGL.pdf,digital,78,95,LS-141A-DISC;SMIC-SF-525;SMIC-SF-530,E:\SML\SLM Training documents\New Documents Redacted\SMIC\BGL_redacted.pdf
CGL.pdf,digital,78,102,Building;Clause(s);SMIC-SF-525;SMIC-SF-530,E:\SML\SLM Training documents\New Documents Redacted\SMIC\CGL_redacted.pdf
CP.pdf,digital,78,102,SMIC-SF-525;SMIC-SF-530,E:\SML\SLM Training documents\New Documents Redacted\SMIC\CP_redacted.pdf
CGL.pdf,scanned,73,488,0025321173P1;0025321173P2;0025321173P3;0025321173P4;0025321173P5;0025321173P6;ILP0010104;R;SSI-SOP-001;SSICYEX00000123;SSIGL01000123;SSIGL0101;SSIGL01010123;SSILAO00010318;SSIMECH00010318;SSIMECH00010318-;SSIMESL00010318;SSINYOP00010621;SSIOBPF00010318;SSIPOOL00010318;SSISCP00010318;SSISF00030123;TERM;XX-XXX6241,E:\SML\SLM Training documents\New Documents Redacted\SUTTO NATIONAL\CGL_redacted.pdf
CUMBR - Digital.pdf,digital,33,162,"GLSISTC011978326;IP Address;SSI-SOP-001;because of ""injury or",E:\SML\SLM Training documents\New Documents Redacted\SUTTO NATIONAL\CUMBR - Digital_redacted.pdf
CUMBR.pdf,digital,33,162,GLSISTC011978326;SSI-SOP-001,E:\SML\SLM Training documents\New Documents Redacted\SUTTO NATIONAL\CUMBR_redacted.pdf
12703829- CGL.pdf,sparse,5,23,TCICGL01000123;TERM,E:\SML\SLM Training documents\New Documents Redacted\TCIC\12703829- CGL_redacted.pdf
AUTO.pdf,digital,75,288,And Address;CAF-4025-5;G-3418-0;G-4190-0;HA00120615T;LOSS;PAYEE;applies;does not include any;during;if Required by Contract;incurred while;motor;shown in,E:\SML\SLM Training documents\New Documents Redacted\The Hartford\AUTO_redacted.pdf
BOP -1.pdf,digital,182,141,"(May include copyrighted material of Insurance Services Office, Inc., with its permission);(b) Any Extra Expense that is paid for by other insurance.;AP Chiropractic PC;BY CONTRACT;Cause of Loss.;DOS-0347;G-4008-0;Mortgageholders;Transfer Of Rights Of Recovery;period of restoration”, once business operations are resumed; and;under this Coverage Part;",E:\SML\SLM Training documents\New Documents Redacted\The Hartford\BOP -1_redacted.pdf
BOP- Property.pdf,digital,186,135,DOS-0347;G-4008-0;G-4190-0,E:\SML\SLM Training documents\New Documents Redacted\The Hartford\BOP- Property_redacted.pdf
BOP.pdf,digital,224,190,"DOS-0347;G-4008-0;Supplemental Policy.;as stated herein.;before the end of the ""policy period"".",E:\SML\SLM Training documents\New Documents Redacted\The Hartford\BOP_redacted.pdf
BOPGL.pdf,digital,221,177,DOS-0347;G-4008-0,E:\SML\SLM Training documents\New Documents Redacted\The Hartford\BOPGL_redacted.pdf
CYBER- BOP.pdf,digital,188,136,DOS-0347;G-4008-0;G-4190-0,E:\SML\SLM Training documents\New Documents Redacted\The Hartford\CYBER- BOP_redacted.pdf
WORK -2.pdf,digital,47,135,G-3418-0;Telephone;WC310308;WC310323;WC310618A;WC990368,E:\SML\SLM Training documents\New Documents Redacted\The Hartford\WORK -2_redacted.pdf
WORK -3.pdf,scanned,46,185,B0X420603;G-4119-0;ITEM1-NAMEDINSURED;New;ProcessDate:08/22/22;WC310305B;WC310308;WC310319L;WC310402;WC310407;WC310618A;WC990365;WC990368;WORKERSCOMPENSATIONANDEMPLOYERSLIABILITYPOLICY,E:\SML\SLM Training documents\New Documents Redacted\The Hartford\WORK -3_redacted.pdf
WORK -4.pdf,digital,43,141,G-3058-1;G-3418-0;WC310308;WC310323;WC310618A;WC990368,E:\SML\SLM Training documents\New Documents Redacted\The Hartford\WORK -4_redacted.pdf
WORK- 1.pdf,digital,43,135,G-3058-1;G-3418-0;WC310308;WC310319K;WC310618A;WC990368,E:\SML\SLM Training documents\New Documents Redacted\The Hartford\WORK- 1_redacted.pdf
WORK- ELP.pdf,digital,45,143,G-3058-1;G-3418-0;WC310308;WC310319J;WC310402;WC310407;WC310618A;WC990368,E:\SML\SLM Training documents\New Documents Redacted\The Hartford\WORK- ELP_redacted.pdf
WORK.pdf,digital,45,136,G-3418-0;WC310308;WC310319N;WC310618A;WC990368,E:\SML\SLM Training documents\New Documents Redacted\The Hartford\WORK_redacted.pdf
WORK - 272.pdf,digital,2,7,001399450R;A10001913794;NIF2SAAV2;NIF564AV2,E:\SML\SLM Training documents\New Documents Redacted\The State\WORK - 272_redacted.pdf
WORK - 948.pdf,digital,21,128,000305764R;APPEALV1;DTE00V10;E10002191016;NIF3SWV40;NIF512V2,E:\SML\SLM Training documents\New Documents Redacted\The State\WORK - 948_redacted.pdf
WORK-103.pdf,digital,19,104,001009103R;APPEALV1;DTE00V10;E10002079461;NIF10SV2;NIF3RWV1;NIF512V2,E:\SML\SLM Training documents\New Documents Redacted\The State\WORK-103_redacted.pdf
WORK-133.pdf,digital,21,127,APPEALV1;DTE00V10;E10002127940;NIF3SWV39;NIF512V2,E:\SML\SLM Training documents\New Documents Redacted\The State\WORK-133_redacted.pdf
WORK.pdf,digital,21,105,001529518R;APPEALV1;CEPL2V29;DTE00V10;E10002121021;NIF10SV2;NIF512V2;SEPL1V31,E:\SML\SLM Training documents\New Documents Redacted\The State\WORK_redacted.pdf
2-PL.pdf,digital,35,239,"LPL-1000NY2;LPL-1001NY2;LTR-4035;PTC-1001NY2;PTC-1001NY2-0311;a claim.;dies,;should contact their agent or broker. If there",E:\SML\SLM Training documents\New Documents Redacted\Travellers\2-PL_redacted.pdf
CGL-1.pdf,digital,60,355,"(2) The;2810J0237;; but we will not be liable for damages;Losses covered by the Federal Government;Losses occurring in a calendar year;an incomplete;any premium refund due. If;cancels, the refund may;will be deemed to be damages;written notice of cancellation",E:\SML\SLM Training documents\New Documents Redacted\Travellers\CGL-1_redacted.pdf
CGL.pdf,digital,3,8,,E:\SML\SLM Training documents\New Documents Redacted\Travellers\CGL_redacted.pdf
Cyber.pdf,digital,78,343,Extortion Payment;Financial Fraud Loss;ILT-1069;Insured’s Computer System;;Invoice Manipulation Loss;a. Automatic Extended Reporting Period;when applying for this Policy); or;’s direct operational control;,E:\SML\SLM Training documents\New Documents Redacted\Travellers\Cyber_redacted.pdf
PL.pdf,digital,35,239,LPL-1000NY2;LPL-1001NY2;LTR-4035;PTC-1001NY2;PTC-1001NY2-0311,E:\SML\SLM Training documents\New Documents Redacted\Travellers\PL_redacted.pdf
Renewal-CGL.pdf,digital,66,356,,E:\SML\SLM Training documents\New Documents Redacted\Travellers\Renewal-CGL_redacted.pdf
CGL.pdf,digital,63,416,'s behalf are performing operations;CGP0230523;CGP0241223;CL1510812;EAA1000112;F1621012;F2191099;F2750508;F6570508;F6580508;F6821011;F6860612;JPA1000701;NAA1690522;OF PREMISES;SAA1000898;listed,E:\SML\SLM Training documents\New Documents Redacted\UNG\CGL_redacted.pdf
CORPORATION- WORK.pdf,digital,21,135,001337747R;APPEALV1;DTE00V10;E10001978703;NIF3SWV39;NIF512V2,E:\SML\SLM Training documents\New Documents Redacted\USLI\CORPORATION- WORK_redacted.pdf
EO- 1.pdf,digital,21,138,PROF-001,E:\SML\SLM Training documents\New Documents Redacted\USLI\EO- 1_redacted.pdf
EO.pdf,digital,12,33,PROF-001,E:\SML\SLM Training documents\New Documents Redacted\USLI\EO_redacted.pdf
GL.pdf,digital,46,146,"3562462M;L-618CNY;Policy Conditions;against any ""suit"" seeking damages for;by reason of the selling, serving or",E:\SML\SLM Training documents\New Documents Redacted\USLI\GL_redacted.pdf
LL-GL.pdf,digital,41,142,3562462K;L-618CNY,E:\SML\SLM Training documents\New Documents Redacted\USLI\LL-GL_redacted.pdf
PPL - 4.pdf,digital,21,138,PROF-001,E:\SML\SLM Training documents\New Documents Redacted\USLI\PPL - 4_redacted.pdf
PPL -3.pdf,digital,12,33,PROF-001,E:\SML\SLM Training documents\New Documents Redacted\USLI\PPL -3_redacted.pdf
PPL- 1.pdf,digital,21,65,"PROF-001;during the Policy Period or if applicable, during",E:\SML\SLM Training documents\New Documents Redacted\USLI\PPL- 1_redacted.pdf
PPL- 2.pdf,digital,21,65,PROF-001,E:\SML\SLM Training documents\New Documents Redacted\USLI\PPL- 2_redacted.pdf
PPL.pdf,digital,15,39,PROF-001,E:\SML\SLM Training documents\New Documents Redacted\USLI\PPL_redacted.pdf
Prof-L.pdf,digital,12,33,PROF-001,E:\SML\SLM Training documents\New Documents Redacted\USLI\Prof-L_redacted.pdf
4571 - GL.pdf,digital,61,140,AGAINST -;Damage Hazard;R Matson Mechanical;Underground Property;additional insured.;real property.;the loss or damage.;would have in the absence of the,E:\SML\SLM Training documents\New Documents Redacted\UTICA\4571 - GL_redacted.pdf
5870- GL.pdf,scanned,61,344,"AP0230UF;AP0231NY;AP0231NY1008;AP0233UF;AP0365UF;AP0365UF0207;AP0851UF;AP0852UF;AP0852UF0909;AP0853UF;APDEC0919;COMMERCIALPROPERTY;CollapseHazard;GL-890-LA;PRIV0401;We do not pay for bodily injury, property damage,;property;property.",E:\SML\SLM Training documents\New Documents Redacted\UTICA\5870- GL_redacted.pdf
ART Policy - GL.pdf,digital,73,163,,E:\SML\SLM Training documents\New Documents Redacted\UTICA\ART Policy - GL_redacted.pdf
ART Policy -GLC.pdf,digital,64,149,,E:\SML\SLM Training documents\New Documents Redacted\UTICA\ART Policy -GLC_redacted.pdf
ART Policy Definition - 2291 - GL.pdf,digital,70,158,,E:\SML\SLM Training documents\New Documents Redacted\UTICA\ART Policy Definition - 2291 - GL_redacted.pdf
ART Policy Definition - 2630 - GL.pdf,digital,73,166,,E:\SML\SLM Training documents\New Documents Redacted\UTICA\ART Policy Definition - 2630 - GL_redacted.pdf
ART Policy Definition - 4450 - GL.pdf,digital,63,149,OR CONTRACTORS,E:\SML\SLM Training documents\New Documents Redacted\UTICA\ART Policy Definition - 4450 - GL_redacted.pdf
ART Policy Definition - CGL.pdf,digital,5,24,Employee Dishonesty,E:\SML\SLM Training documents\New Documents Redacted\UTICA\ART Policy Definition - CGL_redacted.pdf
ART Policy Definition- 4841 - GL.pdf,digital,82,193,", project, or work site ""you"" do not;B4SD12834;Option",E:\SML\SLM Training documents\New Documents Redacted\UTICA\ART Policy Definition- 4841 - GL_redacted.pdf
ART Policy Definition- 4911-GL.pdf,digital,75,164,Eric N. Klein,E:\SML\SLM Training documents\New Documents Redacted\UTICA\ART Policy Definition- 4911-GL_redacted.pdf
ART Policy Definition- 7361- GL.pdf,digital,79,160,,E:\SML\SLM Training documents\New Documents Redacted\UTICA\ART Policy Definition- 7361- GL_redacted.pdf
ART Policy Definition- CGL.pdf,digital,76,166,AGAINST,E:\SML\SLM Training documents\New Documents Redacted\UTICA\ART Policy Definition- CGL_redacted.pdf
ART Policy Definition- GL.pdf,digital,60,137,,E:\SML\SLM Training documents\New Documents Redacted\UTICA\ART Policy Definition- GL_redacted.pdf
ART Policy Definition-GL.pdf,digital,62,146,,E:\SML\SLM Training documents\New Documents Redacted\UTICA\ART Policy Definition-GL_redacted.pdf
ART Policy Definition_CGL.pdf,digital,75,168,,E:\SML\SLM Training documents\New Documents Redacted\UTICA\ART Policy Definition_CGL_redacted.pdf
BOP Policy Definition -GL.pdf,digital,117,134,""" should be;, but only with respect to;BP0734NY;VENDORS;Vendors;by endorsement;to ""us"", whichever occurs first. This",E:\SML\SLM Training documents\New Documents Redacted\UTICA\BOP Policy Definition -GL_redacted.pdf
CUMBR.pdf,digital,62,51,""" as stated under the Knowledge of;"" prior to the inception date of this;"" prior to the inception date of this policy;on the ""declarations"".;shown in the ""declarations""",E:\SML\SLM Training documents\New Documents Redacted\UTICA\CUMBR_redacted.pdf
GL -ART Policy Definition.pdf,digital,64,148,,E:\SML\SLM Training documents\New Documents Redacted\UTICA\GL -ART Policy Definition_redacted.pdf
SKM_22724082914100- CGL.pdf,scanned,4,13,AP0365UF;AP0851UF;AP0853UF,E:\SML\SLM Training documents\New Documents Redacted\UTICA\SKM_22724082914100- CGL_redacted.pdf
ULC Policy Definition- CUMBR.pdf,digital,62,61,Losses,E:\SML\SLM Training documents\New Documents Redacted\UTICA\ULC Policy Definition- CUMBR_redacted.pdf
CLP.pdf,scanned,64,179,CG01630711;ENDORSEMENT;ILP0010104;NAMEDINSURED;PolicyNumber;TRIACCC4;This Endorsement Modifies Your Policy;This Endorsement Modifies Your Policy.;ThisEndorsementModifiesYourPolicy.;limitsofinsurance.,E:\SML\SLM Training documents\New Documents Redacted\WESTERN WORLD\CLP_redacted.pdf
BRCP.pdf,digital,46,13,U-GU-619-A;U-GU-873-A;U-GU-874-B,E:\SML\SLM Training documents\New Documents Redacted\Zurich\BRCP_redacted.pdf
